"Longitude (x)","Latitude (y)","Station Name","Climate ID","Date/Time","Year","Month","Day","Data Quality","Max Temp (°C)","Max Temp Flag","Min Temp (°C)","Min Temp Flag","Mean Temp (°C)","Mean Temp Flag","Heat Deg Days (°C)","Heat Deg Days Flag","Cool Deg Days (°C)","Cool Deg Days Flag","Total Rain (mm)","Total Rain Flag","Total Snow (cm)","Total Snow Flag","Total Precip (mm)","Total Precip Flag","Snow on Grnd (cm)","Snow on Grnd Flag","Dir of Max Gust (10s deg)","Dir of Max Gust Flag","Spd of Max Gust (km/h)","Spd of Max Gust Flag"
"-120.74","56.24","FORT ST. JOHN A","1183001","2021-01-01","2021","01","01","","-6.8","","-10.6","","-8.7","","26.7","","0.0","","0.0","","11.2","","11.2","","5","","1","","35",""
"-120.74","56.24","FORT ST. JOHN A","1183001","2021-01-02","2021","01","02","","-7.2","","-15.0","","-11.1","","29.1","","0.0","","0.0","","0.0","T","0.0","T","16","","","","","M"
"-120.74","56.24","FORT ST. JOHN A","1183001","2021-01-03","2021","01","03","","1.0","","-16.6","","-7.8","","25.8","","0.0","","0.0","","0.0","T","0.0","T","17","","24","","65",""
"-120.74","56.24","FORT ST. JOHN A","1183001","2021-01-04","2021","01","04","","0.9","","-8.3","","-3.7","","21.7","","0.0","","0.0","","0.0","","0.0","","15","","23","","55",""
"-120.74","56.24","FORT ST. JOHN A","1183001","2021-01-05","2021","01","05","","","M","","M","","M","","M","","M","0.0","","0.0","T","0.0","T","12","","23","","37",""
"-120.74","56.24","FORT ST. JOHN A","1183001","2021-01-06","2021","01","06","","3.8","","-4.4","","-0.3","","18.3","","0.0","","0.0","","0.0","T","0.0","T","12","","22","","74",""
"-120.74","56.24","FORT ST. JOHN A","1183001","2021-01-07","2021","01","07","","1.1","","-3.9","","-1.4","","19.4","","0.0","","0.0","","0.0","","0.0","","12","","24","","59",""
"-120.74","56.24","FORT ST. JOHN A","1183001","2021-01-08","2021","01","08","","-1.0","","-11.7","","-6.4","","24.4","","0.0","","0.0","","0.0","","0.0","","12","","23","","35",""
"-120.74","56.24","FORT ST. JOHN A","1183001","2021-01-09","2021","01","09","","-0.2","","-6.6","","-3.4","","21.4","","0.0","","0.0","","0.0","","0.0","","12","","24","","46",""
"-120.74","56.24","FORT ST. JOHN A","1183001","2021-01-10","2021","01","10","","2.8","","-8.0","","-2.6","","20.6","","0.0","","0.0","","0.0","","0.0","","12","","23","","35",""
"-120.74","56.24","FORT ST. JOHN A","1183001","2021-01-11","2021","01","11","","4.5","","-0.6","","2.0","","16.0","","0.0","","0.0","","0.0","","0.0","","10","","23","","68",""
"-120.74","56.24","FORT ST. JOHN A","1183001","2021-01-12","2021","01","12","","1.9","","-4.4","","-1.3","","19.3","","0.0","","0.0","","0.0","","0.0","","8","","23","","50",""
"-120.74","56.24","FORT ST. JOHN A","1183001","2021-01-13","2021","01","13","","1.3","","-5.4","","-2.1","","20.1","","0.0","","0.0","","0.0","","0.0","","8","","25","","68",""
"-120.74","56.24","FORT ST. JOHN A","1183001","2021-01-14","2021","01","14","","-1.2","","-6.7","","-4.0","","22.0","","0.0","","0.0","","0.0","","0.0","","7","","25","","41",""
"-120.74","56.24","FORT ST. JOHN A","1183001","2021-01-15","2021","01","15","","5.0","","-6.5","","-0.8","","18.8","","0.0","","0.0","","0.0","","0.0","","6","","24","","67",""
"-120.74","56.24","FORT ST. JOHN A","1183001","2021-01-16","2021","01","16","","2.5","","-0.6","","1.0","","17.0","","0.0","","0.0","","0.0","","0.0","","5","","23","","46",""
"-120.74","56.24","FORT ST. JOHN A","1183001","2021-01-17","2021","01","17","","4.7","","0.1","","2.4","","15.6","","0.0","","0.0","","0.0","T","0.0","T","5","","24","","42",""
"-120.74","56.24","FORT ST. JOHN A","1183001","2021-01-18","2021","01","18","","1.8","","-2.2","","-0.2","","18.2","","0.0","","0.0","","0.0","","0.0","","4","","24","","52",""
"-120.74","56.24","FORT ST. JOHN A","1183001","2021-01-19","2021","01","19","","5.9","","-0.6","","2.7","","15.3","","0.0","","0.0","","0.0","T","0.0","T","4","","24","","80",""
"-120.74","56.24","FORT ST. JOHN A","1183001","2021-01-20","2021","01","20","","0.7","","-2.4","","-0.9","","18.9","","0.0","","0.0","","0.0","","0.0","","2","","25","","50",""
"-120.74","56.24","FORT ST. JOHN A","1183001","2021-01-21","2021","01","21","","-2.4","","-7.8","","-5.1","","23.1","","0.0","","0.0","","0.0","","0.0","","2","","24","","35",""
"-120.74","56.24","FORT ST. JOHN A","1183001","2021-01-22","2021","01","22","","-6.4","","-13.3","","-9.9","","27.9","","0.0","","0.0","","0.0","T","0.0","T","1","","24","","35",""
"-120.74","56.24","FORT ST. JOHN A","1183001","2021-01-23","2021","01","23","","-7.8","","-16.5","","-12.2","","30.2","","0.0","","0.0","","0.7","","0.7","","1","","","","","M"
"-120.74","56.24","FORT ST. JOHN A","1183001","2021-01-24","2021","01","24","","-13.5","","-16.4","","-15.0","","33.0","","0.0","","0.0","","1.6","","1.6","","7","","","M","","M"
"-120.74","56.24","FORT ST. JOHN A","1183001","2021-01-25","2021","01","25","","-14.4","","-18.9","","-16.7","","34.7","","0.0","","0.0","","2.4","","2.4","","7","","","M","","M"
"-120.74","56.24","FORT ST. JOHN A","1183001","2021-01-26","2021","01","26","","-15.6","","-19.8","","-17.7","","35.7","","0.0","","0.0","","2.0","","2.0","","7","","34","","41",""
"-120.74","56.24","FORT ST. JOHN A","1183001","2021-01-27","2021","01","27","","-19.9","","-25.0","","-22.5","","40.5","","0.0","","0.0","","0.6","","0.6","","11","","35","","42",""
"-120.74","56.24","FORT ST. JOHN A","1183001","2021-01-28","2021","01","28","","","M","","M","","M","","M","","M","","M","","M","","M","6","E","","M","","M"
"-120.74","56.24","FORT ST. JOHN A","1183001","2021-01-29","2021","01","29","","-17.0","","-25.8","","-21.4","","39.4","","0.0","","0.0","","0.0","","0.0","","8","","","M","","M"
"-120.74","56.24","FORT ST. JOHN A","1183001","2021-01-30","2021","01","30","","-12.3","","-21.0","","-16.7","","34.7","","0.0","","0.0","","0.0","","0.0","","8","","","M","","M"
"-120.74","56.24","FORT ST. JOHN A","1183001","2021-01-31","2021","01","31","","-11.8","","-16.0","","-13.9","","31.9","","0.0","","0.0","","1.6","","1.6","","8","","35","","32",""
"-120.74","56.24","FORT ST. JOHN A","1183001","2021-02-01","2021","02","01","","-15.2","","-19.9","","-17.6","","35.6","","0.0","","0.0","","0.0","T","0.0","T","10","","35","","42",""
"-120.74","56.24","FORT ST. JOHN A","1183001","2021-02-02","2021","02","02","","-20.1","","-23.4","","-21.8","","39.8","","0.0","","0.0","","8.4","","8.4","","13","","35","","42",""
"-120.74","56.24","FORT ST. JOHN A","1183001","2021-02-03","2021","02","03","","-19.5","","-24.4","","-22.0","","40.0","","0.0","","0.0","","0.0","T","0.0","T","15","","","M","","M"
"-120.74","56.24","FORT ST. JOHN A","1183001","2021-02-04","2021","02","04","","-18.9","","-22.4","","-20.7","","38.7","","0.0","","0.0","","0.0","T","0.0","T","15","","35","","42",""
"-120.74","56.24","FORT ST. JOHN A","1183001","2021-02-05","2021","02","05","","-20.0","","-25.4","","-22.7","","40.7","","0.0","","0.0","","4.0","","4.0","","17","","34","","37",""
"-120.74","56.24","FORT ST. JOHN A","1183001","2021-02-06","2021","02","06","","-25.5","","-30.7","","-28.1","","46.1","","0.0","","0.0","","0.0","T","0.0","T","20","","","M","","M"
"-120.74","56.24","FORT ST. JOHN A","1183001","2021-02-07","2021","02","07","","-27.2","","-34.6","","-30.9","","48.9","","0.0","","0.0","","0.0","T","0.0","T","20","","36","","41",""
"-120.74","56.24","FORT ST. JOHN A","1183001","2021-02-08","2021","02","08","","","M","","M","","M","","M","","M","0.0","","0.0","T","0.0","T","20","","34","","41",""
"-120.74","56.24","FORT ST. JOHN A","1183001","2021-02-09","2021","02","09","","-28.3","","-36.3","","-32.3","","50.3","","0.0","","0.0","","0.0","T","0.0","T","20","","","M","","M"
"-120.74","56.24","FORT ST. JOHN A","1183001","2021-02-10","2021","02","10","","-23.4","","-29.6","","-26.5","","44.5","","0.0","","0.0","","0.6","","0.6","","20","","","M","","M"
"-120.74","56.24","FORT ST. JOHN A","1183001","2021-02-11","2021","02","11","","-22.7","","-33.2","","-28.0","","46.0","","0.0","","0.0","","0.0","T","0.0","T","20","","","","","M"
"-120.74","56.24","FORT ST. JOHN A","1183001","2021-02-12","2021","02","12","","-14.8","","-22.9","","-18.9","","36.9","","0.0","","0.0","","0.0","T","0.0","T","19","","","M","","M"
"-120.74","56.24","FORT ST. JOHN A","1183001","2021-02-13","2021","02","13","","-19.7","","-27.7","","-23.7","","41.7","","0.0","","0.0","","0.0","","0.0","","20","","","M","","M"
"-120.74","56.24","FORT ST. JOHN A","1183001","2021-02-14","2021","02","14","","-20.5","","-27.3","","-23.9","","41.9","","0.0","","0.0","","0.0","T","0.0","T","20","","","M","","M"
"-120.74","56.24","FORT ST. JOHN A","1183001","2021-02-15","2021","02","15","","-15.9","","-23.7","","-19.8","","37.8","","0.0","","0.0","","4.9","","4.9","","20","","","M","","M"
"-120.74","56.24","FORT ST. JOHN A","1183001","2021-02-16","2021","02","16","","-13.3","","-20.7","","-17.0","","35.0","","0.0","","0.0","","0.8","","0.8","","25","","","M","","M"
"-120.74","56.24","FORT ST. JOHN A","1183001","2021-02-17","2021","02","17","","-8.3","","-24.9","","-16.6","","34.6","","0.0","","0.0","","0.0","","0.0","","25","","","M","","M"
"-120.74","56.24","FORT ST. JOHN A","1183001","2021-02-18","2021","02","18","","-5.9","","-12.7","","-9.3","","27.3","","0.0","","0.0","","0.0","","0.0","","25","","","","","M"
"-120.74","56.24","FORT ST. JOHN A","1183001","2021-02-19","2021","02","19","","2.2","","-10.1","","-4.0","","22.0","","0.0","","0.0","","0.0","","0.0","","25","","22","","67",""
"-120.74","56.24","FORT ST. JOHN A","1183001","2021-02-20","2021","02","20","","0.6","","-2.3","","-0.9","","18.9","","0.0","","0.0","","0.0","","0.0","","","","23","","59",""
"-120.74","56.24","FORT ST. JOHN A","1183001","2021-02-21","2021","02","21","","6.7","","-0.1","","3.3","","14.7","","0.0","","0.0","","0.0","","0.0","","16","","23","","98",""
"-120.74","56.24","FORT ST. JOHN A","1183001","2021-02-22","2021","02","22","","4.3","","-0.5","","1.9","","16.1","","0.0","","0.0","","0.0","","0.0","","6","","24","","65",""
"-120.74","56.24","FORT ST. JOHN A","1183001","2021-02-23","2021","02","23","","2.9","","-3.4","","-0.3","","18.3","","0.0","","0.0","","0.0","","0.0","","2","","24","","37",""
"-120.74","56.24","FORT ST. JOHN A","1183001","2021-02-24","2021","02","24","","1.8","","-7.2","","-2.7","","20.7","","0.0","","0.0","","0.0","","0.0","","1","","21","","54",""
"-120.74","56.24","FORT ST. JOHN A","1183001","2021-02-25","2021","02","25","","-0.6","","-16.3","","-8.5","","26.5","","0.0","","0.0","","5.1","","5.1","","1","","34","","54",""
"-120.74","56.24","FORT ST. JOHN A","1183001","2021-02-26","2021","02","26","","-15.0","","-20.6","","-17.8","","35.8","","0.0","","0.0","","1.4","","1.4","","6","","","M","","M"
"-120.74","56.24","FORT ST. JOHN A","1183001","2021-02-27","2021","02","27","","-6.7","","-19.1","","-12.9","","30.9","","0.0","","0.0","","0.0","T","0.0","T","7","","","M","","M"
"-120.74","56.24","FORT ST. JOHN A","1183001","2021-02-28","2021","02","28","","-3.9","","-10.3","","-7.1","","25.1","","0.0","","","M","8.5","","4.0","","8","","12","","39",""
"-120.74","56.24","FORT ST. JOHN A","1183001","2021-03-01","2021","03","01","","3.2","","-13.8","","-5.3","","23.3","","0.0","","0.0","","1.2","","1.2","","11","","20","","50",""
"-120.74","56.24","FORT ST. JOHN A","1183001","2021-03-02","2021","03","02","","1.9","","-3.4","","-0.8","","18.8","","0.0","","0.0","","0.0","","0.0","","10","","22","","61",""
"-120.74","56.24","FORT ST. JOHN A","1183001","2021-03-03","2021","03","03","","","M","","M","","M","","M","","M","0.0","","0.0","","0.0","","8","","","M","","M"
"-120.74","56.24","FORT ST. JOHN A","1183001","2021-03-04","2021","03","04","","-0.8","","-6.7","","-3.8","","21.8","","0.0","","0.0","","0.0","","0.0","","7","","","M","","M"
"-120.74","56.24","FORT ST. JOHN A","1183001","2021-03-05","2021","03","05","","1.7","","-6.6","","-2.5","","20.5","","0.0","","0.0","","0.0","T","0.0","T","6","","23","","33",""
"-120.74","56.24","FORT ST. JOHN A","1183001","2021-03-06","2021","03","06","","4.5","","-1.8","","1.4","","16.6","","0.0","","0.0","","0.0","","0.0","","6","","23","","48",""
"-120.74","56.24","FORT ST. JOHN A","1183001","2021-03-07","2021","03","07","","3.5","","-5.0","","-0.8","","18.8","","0.0","","0.0","","0.0","","0.0","","5","","23","","35",""
"-120.74","56.24","FORT ST. JOHN A","1183001","2021-03-08","2021","03","08","","0.4","","-5.6","","-2.6","","20.6","","0.0","","0.0","","0.0","","0.0","","5","","","M","","M"
"-120.74","56.24","FORT ST. JOHN A","1183001","2021-03-09","2021","03","09","","-3.8","","-9.9","","-6.9","","24.9","","0.0","","0.0","","0.0","T","0.0","T","5","","2","","44",""
"-120.74","56.24","FORT ST. JOHN A","1183001","2021-03-10","2021","03","10","","-4.2","","-16.0","","-10.1","","28.1","","0.0","","0.0","","0.0","","0.0","","5","","","M","","M"
"-120.74","56.24","FORT ST. JOHN A","1183001","2021-03-11","2021","03","11","","2.3","","-11.8","","-4.8","","22.8","","0.0","","0.0","","0.0","","0.0","","5","","22","","65",""
"-120.74","56.24","FORT ST. JOHN A","1183001","2021-03-12","2021","03","12","","5.1","","-1.1","","2.0","","16.0","","0.0","","2.2","","0.0","","2.2","","5","","24","","52",""
"-120.74","56.24","FORT ST. JOHN A","1183001","2021-03-13","2021","03","13","","1.3","","-10.8","","-4.8","","22.8","","0.0","","0.0","T","0.0","","0.0","T","4","","33","","36",""
"-120.74","56.24","FORT ST. JOHN A","1183001","2021-03-14","2021","03","14","","-11.0","","-15.7","","-13.4","","31.4","","0.0","","0.0","","2.2","","2.2","","4","","33","","52",""
"-120.74","56.24","FORT ST. JOHN A","1183001","2021-03-15","2021","03","15","","1.9","","-18.3","","-8.2","","26.2","","0.0","","0.0","","0.0","T","0.0","T","6","","22","","57",""
"-120.74","56.24","FORT ST. JOHN A","1183001","2021-03-16","2021","03","16","","5.5","","-2.3","","1.6","","16.4","","0.0","","0.0","","0.0","","0.0","","5","","23","","54",""
"-120.74","56.24","FORT ST. JOHN A","1183001","2021-03-17","2021","03","17","","10.2","","-3.1","","3.6","","14.4","","0.0","","0.0","","0.0","","0.0","","4","","24","","47",""
"-120.74","56.24","FORT ST. JOHN A","1183001","2021-03-18","2021","03","18","","7.7","","-2.2","","2.8","","15.2","","0.0","","0.0","","0.0","","0.0","","1","","","M","","M"
"-120.74","56.24","FORT ST. JOHN A","1183001","2021-03-19","2021","03","19","","7.6","","0.8","","4.2","","13.8","","0.0","","0.0","","0.0","","0.0","","0","T","23","","74",""
"-120.74","56.24","FORT ST. JOHN A","1183001","2021-03-20","2021","03","20","","3.4","","-8.2","","-2.4","","20.4","","0.0","","0.0","","1.8","","1.8","","0","T","35","","48",""
"-120.74","56.24","FORT ST. JOHN A","1183001","2021-03-21","2021","03","21","","1.7","","-8.4","","-3.4","","21.4","","0.0","","0.0","","0.0","T","0.0","T","0","T","35","","46",""
"-120.74","56.24","FORT ST. JOHN A","1183001","2021-03-22","2021","03","22","","-2.3","","-10.4","","-6.4","","24.4","","0.0","","0.0","","0.6","","0.6","","1","","35","","49",""
"-120.74","56.24","FORT ST. JOHN A","1183001","2021-03-23","2021","03","23","","-3.5","","-9.8","","-6.7","","24.7","","0.0","","0.0","","3.2","","3.2","","0","T","","M","","M"
"-120.74","56.24","FORT ST. JOHN A","1183001","2021-03-24","2021","03","24","","-4.5","","-11.5","","-8.0","","26.0","","0.0","","0.0","","1.2","","1.2","","5","","35","","53",""
"-120.74","56.24","FORT ST. JOHN A","1183001","2021-03-25","2021","03","25","","-1.3","","-9.8","","-5.6","","23.6","","0.0","","0.0","","0.0","T","0.0","T","9","","","M","","M"
"-120.74","56.24","FORT ST. JOHN A","1183001","2021-03-26","2021","03","26","","5.0","","-10.1","","-2.6","","20.6","","0.0","","0.0","","0.0","","0.0","","8","","","","","M"
"-120.74","56.24","FORT ST. JOHN A","1183001","2021-03-27","2021","03","27","","7.2","","-1.2","","3.0","","15.0","","0.0","","0.0","","0.0","","0.0","","6","","23","","73",""
"-120.74","56.24","FORT ST. JOHN A","1183001","2021-03-28","2021","03","28","","3.6","","-13.1","","-4.8","","22.8","","0.0","","0.0","","0.2","","0.2","","2","","36","","71",""
"-120.74","56.24","FORT ST. JOHN A","1183001","2021-03-29","2021","03","29","","-3.6","","-14.7","","-9.2","","27.2","","0.0","","0.0","","0.0","T","0.0","T","1","","33","","51",""
"-120.74","56.24","FORT ST. JOHN A","1183001","2021-03-30","2021","03","30","","6.4","","-11.4","","-2.5","","20.5","","0.0","","0.0","","0.0","","0.0","","1","","26","","49",""
"-120.74","56.24","FORT ST. JOHN A","1183001","2021-03-31","2021","03","31","","6.6","","1.6","","4.1","","13.9","","0.0","","0.0","","0.0","","0.0","","","","24","","66",""
"-120.74","56.24","FORT ST. JOHN A","1183001","2021-04-01","2021","04","01","","6.0","","-0.8","","2.6","","15.4","","0.0","","0.0","","0.0","T","0.0","T","0","T","24","","81",""
"-120.74","56.24","FORT ST. JOHN A","1183001","2021-04-02","2021","04","02","","6.0","","-1.6","","2.2","","15.8","","0.0","","0.0","","0.0","","0.0","","0","T","24","","36",""
"-120.74","56.24","FORT ST. JOHN A","1183001","2021-04-03","2021","04","03","","8.3","","-2.4","","3.0","","15.0","","0.0","","0.0","","0.0","","0.0","","0","T","","","","M"
"-120.74","56.24","FORT ST. JOHN A","1183001","2021-04-04","2021","04","04","","8.8","","-1.3","","3.8","","14.2","","0.0","","0.0","","0.0","","0.0","","","","23","","45",""
"-120.74","56.24","FORT ST. JOHN A","1183001","2021-04-05","2021","04","05","","7.7","","0.8","","4.3","","13.7","","0.0","","0.0","","0.0","","0.0","","","","24","","45",""
"-120.74","56.24","FORT ST. JOHN A","1183001","2021-04-06","2021","04","06","","8.1","","-0.8","","3.7","","14.3","","0.0","","0.0","","0.0","","0.0","","","","21","","40",""
"-120.74","56.24","FORT ST. JOHN A","1183001","2021-04-07","2021","04","07","","6.9","","-8.6","","-0.9","","18.9","","0.0","","0.0","","0.0","T","0.0","T","0","T","33","","53",""
"-120.74","56.24","FORT ST. JOHN A","1183001","2021-04-08","2021","04","08","","4.2","","-10.6","","-3.2","","21.2","","0.0","","0.0","","0.0","T","0.0","T","0","T","21","","46",""
"-120.74","56.24","FORT ST. JOHN A","1183001","2021-04-09","2021","04","09","","7.1","","-1.6","","2.8","","15.2","","0.0","","0.0","","0.0","T","0.0","T","0","T","24","","58",""
"-120.74","56.24","FORT ST. JOHN A","1183001","2021-04-10","2021","04","10","","-0.7","","-10.0","","-5.4","","23.4","","0.0","","0.0","","0.0","T","0.0","T","0","T","36","","62",""
"-120.74","56.24","FORT ST. JOHN A","1183001","2021-04-11","2021","04","11","","2.8","","-8.5","","-2.9","","20.9","","0.0","","0.0","","0.0","","0.0","","","","33","","37",""
"-120.74","56.24","FORT ST. JOHN A","1183001","2021-04-12","2021","04","12","","8.8","","-6.0","","1.4","","16.6","","0.0","","0.0","","0.0","","0.0","","","","17","","42",""
"-120.74","56.24","FORT ST. JOHN A","1183001","2021-04-13","2021","04","13","","12.4","","-2.8","","4.8","","13.2","","0.0","","0.0","","0.0","","0.0","","","","22","","39",""
"-120.74","56.24","FORT ST. JOHN A","1183001","2021-04-14","2021","04","14","","15.0","","1.1","","8.1","","9.9","","0.0","","0.0","","0.0","","0.0","","","","","M","","M"
"-120.74","56.24","FORT ST. JOHN A","1183001","2021-04-15","2021","04","15","","18.2","","1.1","","9.7","","8.3","","0.0","","0.0","","0.0","","0.0","","","","","M","","M"
"-120.74","56.24","FORT ST. JOHN A","1183001","2021-04-16","2021","04","16","","19.3","","1.3","","10.3","","7.7","","0.0","","0.0","","0.0","","0.0","","","","","M","","M"
"-120.74","56.24","FORT ST. JOHN A","1183001","2021-04-17","2021","04","17","","14.0","","1.6","","7.8","","10.2","","0.0","","0.0","","0.0","T","0.0","T","","","2","","55",""
"-120.74","56.24","FORT ST. JOHN A","1183001","2021-04-18","2021","04","18","","7.4","","-0.6","","3.4","","14.6","","0.0","","5.6","","0.0","T","5.6","","","","","M","","M"
"-120.74","56.24","FORT ST. JOHN A","1183001","2021-04-19","2021","04","19","","11.3","","-2.8","","4.3","","13.7","","0.0","","0.0","","0.0","","0.0","","","","","M","","M"
"-120.74","56.24","FORT ST. JOHN A","1183001","2021-04-20","2021","04","20","","19.2","","-0.1","","9.6","","8.4","","0.0","","0.0","","0.0","","0.0","","","","26","","31",""
"-120.74","56.24","FORT ST. JOHN A","1183001","2021-04-21","2021","04","21","","10.7","","-3.2","","3.8","","14.2","","0.0","","0.0","","0.0","T","0.0","T","","","34","","64",""
"-120.74","56.24","FORT ST. JOHN A","1183001","2021-04-22","2021","04","22","","4.3","","-7.6","","-1.7","","19.7","","0.0","","0.0","","0.0","","0.0","","","","","","","M"
"-120.74","56.24","FORT ST. JOHN A","1183001","2021-04-23","2021","04","23","","5.5","","-3.6","","1.0","","17.0","","0.0","","0.0","","0.0","","0.0","","","","","M","","M"
"-120.74","56.24","FORT ST. JOHN A","1183001","2021-04-24","2021","04","24","","6.0","","-3.4","","1.3","","16.7","","0.0","","0.0","","0.0","","0.0","","","","2","","39",""
"-120.74","56.24","FORT ST. JOHN A","1183001","2021-04-25","2021","04","25","","11.6","","-5.4","","3.1","","14.9","","0.0","","0.0","","0.0","","0.0","","","","23","","38",""
"-120.74","56.24","FORT ST. JOHN A","1183001","2021-04-26","2021","04","26","","7.8","","-3.2","","2.3","","15.7","","0.0","","0.0","","0.0","","0.0","","","","34","","51",""
"-120.74","56.24","FORT ST. JOHN A","1183001","2021-04-27","2021","04","27","","-3.3","","-9.5","","-6.4","","24.4","","0.0","","0.0","","8.4","","8.4","","1","","8","","32",""
"-120.74","56.24","FORT ST. JOHN A","1183001","2021-04-28","2021","04","28","","-0.8","","-8.6","","-4.7","","22.7","","0.0","","0.0","","1.0","","1.0","","9","","","M","","M"
"-120.74","56.24","FORT ST. JOHN A","1183001","2021-04-29","2021","04","29","","12.7","","-2.4","","5.2","","12.8","","0.0","","1.8","","0.0","T","1.8","","2","","20","","39",""
"-120.74","56.24","FORT ST. JOHN A","1183001","2021-04-30","2021","04","30","","15.4","","7.2","","11.3","","6.7","","0.0","","0.0","","0.0","","0.0","","","","22","","74",""
"-120.74","56.24","FORT ST. JOHN A","1183001","2021-05-01","2021","05","01","","13.1","","3.4","","8.3","","9.7","","0.0","","2.4","","0.0","","2.4","","","","34","","61",""
"-120.74","56.24","FORT ST. JOHN A","1183001","2021-05-02","2021","05","02","","13.4","","-0.7","","6.4","","11.6","","0.0","","0.8","","0.0","","0.8","","","","5","","48",""
"-120.74","56.24","FORT ST. JOHN A","1183001","2021-05-03","2021","05","03","","13.1","","-0.3","","6.4","","11.6","","0.0","","2.6","","0.0","T","2.6","","","","19","","42",""
"-120.74","56.24","FORT ST. JOHN A","1183001","2021-05-04","2021","05","04","","12.9","","1.6","","7.3","","10.7","","0.0","","0.0","","0.0","T","0.0","T","","","34","","47",""
"-120.74","56.24","FORT ST. JOHN A","1183001","2021-05-05","2021","05","05","","17.0","","-0.1","","8.5","","9.5","","0.0","","0.0","","0.0","","0.0","","","","12","","35",""
"-120.74","56.24","FORT ST. JOHN A","1183001","2021-05-06","2021","05","06","","20.0","","4.7","","12.4","","5.6","","0.0","","0.0","","0.0","","0.0","","","","12","","53",""
"-120.74","56.24","FORT ST. JOHN A","1183001","2021-05-07","2021","05","07","","14.7","","7.2","","11.0","","7.0","","0.0","","1.1","","0.0","","1.1","","","","13","","42",""
"-120.74","56.24","FORT ST. JOHN A","1183001","2021-05-08","2021","05","08","","13.9","","3.7","","8.8","","9.2","","0.0","","0.0","","0.0","","0.0","","","","22","","40",""
"-120.74","56.24","FORT ST. JOHN A","1183001","2021-05-09","2021","05","09","","15.3","","2.2","","8.8","","9.2","","0.0","","0.0","","0.0","","0.0","","","","25","","43",""
"-120.74","56.24","FORT ST. JOHN A","1183001","2021-05-10","2021","05","10","","16.0","","3.3","","9.7","","8.3","","0.0","","0.0","","0.0","","0.0","","","","36","","50",""
"-120.74","56.24","FORT ST. JOHN A","1183001","2021-05-11","2021","05","11","","17.7","","4.4","","11.1","","6.9","","0.0","","0.0","","0.0","","0.0","","","","15","","34",""
"-120.74","56.24","FORT ST. JOHN A","1183001","2021-05-12","2021","05","12","","19.4","","5.5","","12.5","","5.5","","0.0","","0.0","T","0.0","","0.0","T","","","24","","49",""
"-120.74","56.24","FORT ST. JOHN A","1183001","2021-05-13","2021","05","13","","19.2","","2.7","","11.0","","7.0","","0.0","","0.0","","0.0","","0.0","","","","36","","36",""
"-120.74","56.24","FORT ST. JOHN A","1183001","2021-05-14","2021","05","14","","19.6","","2.6","","11.1","","6.9","","0.0","","0.0","T","0.0","","0.0","T","","","24","","43",""
"-120.74","56.24","FORT ST. JOHN A","1183001","2021-05-15","2021","05","15","","","M","","M","","M","","M","","M","0.0","","0.0","","0.0","","","","25","","59",""
"-120.74","56.24","FORT ST. JOHN A","1183001","2021-05-16","2021","05","16","","17.7","","7.0","","12.4","","5.6","","0.0","","0.0","","0.0","","0.0","","","","22","","54",""
"-120.74","56.24","FORT ST. JOHN A","1183001","2021-05-17","2021","05","17","","12.1","","5.7","","8.9","","9.1","","0.0","","0.0","T","0.0","","0.0","T","","","6","","38",""
"-120.74","56.24","FORT ST. JOHN A","1183001","2021-05-18","2021","05","18","","9.1","","3.8","","6.5","","11.5","","0.0","","13.4","","0.0","","13.4","","","","3","","48",""
"-120.74","56.24","FORT ST. JOHN A","1183001","2021-05-19","2021","05","19","","14.0","","-0.2","","6.9","","11.1","","0.0","","0.0","","0.0","","0.0","","","","2","","35",""
"-120.74","56.24","FORT ST. JOHN A","1183001","2021-05-20","2021","05","20","","16.9","","0.7","","8.8","","9.2","","0.0","","0.0","","0.0","","0.0","","","","","","","M"
"-120.74","56.24","FORT ST. JOHN A","1183001","2021-05-21","2021","05","21","","19.8","","3.1","","11.5","","6.5","","0.0","","0.0","","0.0","","0.0","","","","18","","44",""
"-120.74","56.24","FORT ST. JOHN A","1183001","2021-05-22","2021","05","22","","22.3","","6.8","","14.6","","3.4","","0.0","","0.0","","0.0","","0.0","","","","20","","45",""
"-120.74","56.24","FORT ST. JOHN A","1183001","2021-05-23","2021","05","23","","21.6","","8.9","","15.3","","2.7","","0.0","","0.0","","0.0","","0.0","","","","25","","40",""
"-120.74","56.24","FORT ST. JOHN A","1183001","2021-05-24","2021","05","24","","19.4","","8.0","","13.7","","4.3","","0.0","","0.0","T","0.0","","0.0","T","","","35","","34",""
"-120.74","56.24","FORT ST. JOHN A","1183001","2021-05-25","2021","05","25","","12.2","","0.0","","6.1","","11.9","","0.0","","7.2","","6.0","","13.2","","0","T","7","","35",""
"-120.74","56.24","FORT ST. JOHN A","1183001","2021-05-26","2021","05","26","","11.8","","1.6","","6.7","","11.3","","0.0","","0.4","","0.0","","0.4","","","","14","","33",""
"-120.74","56.24","FORT ST. JOHN A","1183001","2021-05-27","2021","05","27","","11.2","","6.4","","8.8","","9.2","","0.0","","2.2","","0.0","","2.2","","","","","M","","M"
"-120.74","56.24","FORT ST. JOHN A","1183001","2021-05-28","2021","05","28","","18.1","","6.4","","12.3","","5.7","","0.0","","1.8","","0.0","","1.8","","","","33","","49",""
"-120.74","56.24","FORT ST. JOHN A","1183001","2021-05-29","2021","05","29","","19.2","","6.4","","12.8","","5.2","","0.0","","0.0","","0.0","","0.0","","","","22","","50",""
"-120.74","56.24","FORT ST. JOHN A","1183001","2021-05-30","2021","05","30","","20.6","","6.7","","13.7","","4.3","","0.0","","0.0","T","0.0","","0.0","T","","","22","","53",""
"-120.74","56.24","FORT ST. JOHN A","1183001","2021-05-31","2021","05","31","","21.3","","9.3","","15.3","","2.7","","0.0","","0.0","","0.0","","0.0","","","","22","","48",""
"-120.74","56.24","FORT ST. JOHN A","1183001","2021-06-01","2021","06","01","","24.8","","14.5","","19.7","","0.0","","1.7","","0.0","","0.0","","0.0","","","","24","","67",""
"-120.74","56.24","FORT ST. JOHN A","1183001","2021-06-02","2021","06","02","","26.7","","14.3","","20.5","","0.0","","2.5","","0.0","","0.0","","0.0","","","","21","","51",""
"-120.74","56.24","FORT ST. JOHN A","1183001","2021-06-03","2021","06","03","","22.4","","13.9","","18.2","","0.0","","0.2","","0.0","","0.0","","0.0","","","","22","","62",""
"-120.74","56.24","FORT ST. JOHN A","1183001","2021-06-04","2021","06","04","","","M","","M","","M","","M","","M","0.0","","0.0","","0.0","","","","22","","58",""
"-120.74","56.24","FORT ST. JOHN A","1183001","2021-06-05","2021","06","05","","18.7","","7.3","","13.0","","5.0","","0.0","","0.0","","0.0","","0.0","","","","26","","51",""
"-120.74","56.24","FORT ST. JOHN A","1183001","2021-06-06","2021","06","06","","15.7","","6.5","","11.1","","6.9","","0.0","","0.0","T","0.0","","0.0","T","","","33","","49",""
"-120.74","56.24","FORT ST. JOHN A","1183001","2021-06-07","2021","06","07","","15.5","","6.8","","11.2","","6.8","","0.0","","11.2","","0.0","","11.2","","","","7","","35",""
"-120.74","56.24","FORT ST. JOHN A","1183001","2021-06-08","2021","06","08","","17.6","","4.4","","11.0","","7.0","","0.0","","0.0","","0.0","","0.0","","","","","","","M"
"-120.74","56.24","FORT ST. JOHN A","1183001","2021-06-09","2021","06","09","","16.3","","6.9","","11.6","","6.4","","0.0","","2.8","","0.0","","2.8","","","","10","","49",""
"-120.74","56.24","FORT ST. JOHN A","1183001","2021-06-10","2021","06","10","","16.1","","3.3","","9.7","","8.3","","0.0","","4.0","","0.0","","4.0","","","","24","","45",""
"-120.74","56.24","FORT ST. JOHN A","1183001","2021-06-11","2021","06","11","","19.3","","7.8","","13.6","","4.4","","0.0","","0.0","","0.0","","0.0","","","","26","","49",""
"-120.74","56.24","FORT ST. JOHN A","1183001","2021-06-12","2021","06","12","","","M","","M","","M","","M","","M","","M","","M","","M","","","23","","53",""
"-120.74","56.24","FORT ST. JOHN A","1183001","2021-06-13","2021","06","13","","20.2","","7.1","","13.7","","4.3","","0.0","","0.0","","0.0","","0.0","","","","21","","32",""
"-120.74","56.24","FORT ST. JOHN A","1183001","2021-06-14","2021","06","14","","23.5","","10.5","","17.0","","1.0","","0.0","","4.6","","0.0","","4.6","","","","23","","42",""
"-120.74","56.24","FORT ST. JOHN A","1183001","2021-06-15","2021","06","15","","14.2","","10.0","","12.1","","5.9","","0.0","","6.0","","0.0","","6.0","","","","","M","","M"
"-120.74","56.24","FORT ST. JOHN A","1183001","2021-06-16","2021","06","16","","12.5","","7.9","","10.2","","7.8","","0.0","","15.9","","0.0","","15.9","","","","25","","48",""
"-120.74","56.24","FORT ST. JOHN A","1183001","2021-06-17","2021","06","17","","16.4","","8.1","","12.3","","5.7","","0.0","","1.2","","0.0","","1.2","","","","26","","39",""
"-120.74","56.24","FORT ST. JOHN A","1183001","2021-06-18","2021","06","18","","19.1","","6.2","","12.7","","5.3","","0.0","","0.0","","0.0","","0.0","","","","26","","31",""
"-120.74","56.24","FORT ST. JOHN A","1183001","2021-06-19","2021","06","19","","23.4","","8.1","","15.8","","2.2","","0.0","","0.0","","0.0","","0.0","","","","34","","46",""
"-120.74","56.24","FORT ST. JOHN A","1183001","2021-06-20","2021","06","20","","25.2","","8.2","","16.7","","1.3","","0.0","","0.0","","0.0","","0.0","","","","","M","","M"
"-120.74","56.24","FORT ST. JOHN A","1183001","2021-06-21","2021","06","21","","28.8","","14.2","","21.5","","0.0","","3.5","","0.0","","0.0","","0.0","","","","27","","36",""
"-120.74","56.24","FORT ST. JOHN A","1183001","2021-06-22","2021","06","22","","24.4","","11.2","","17.8","","0.2","","0.0","","0.2","","0.0","","0.2","","","","35","","74",""
"-120.74","56.24","FORT ST. JOHN A","1183001","2021-06-23","2021","06","23","","21.1","","8.7","","14.9","","3.1","","0.0","","0.0","","0.0","","0.0","","","","","M","","M"
"-120.74","56.24","FORT ST. JOHN A","1183001","2021-06-24","2021","06","24","","24.5","","10.8","","17.7","","0.3","","0.0","","0.0","","0.0","","0.0","","","","23","","41",""
"-120.74","56.24","FORT ST. JOHN A","1183001","2021-06-25","2021","06","25","","31.2","","15.6","","23.4","","0.0","","5.4","","0.0","","0.0","","0.0","","","","30","","43",""
"-120.74","56.24","FORT ST. JOHN A","1183001","2021-06-26","2021","06","26","","31.8","","17.5","","24.7","","0.0","","6.7","","0.0","","0.0","","0.0","","","","","","","M"
"-120.74","56.24","FORT ST. JOHN A","1183001","2021-06-27","2021","06","27","","35.1","","18.5","","26.8","","0.0","","8.8","","0.0","","0.0","","0.0","","","","","M","","M"
"-120.74","56.24","FORT ST. JOHN A","1183001","2021-06-28","2021","06","28","","36.3","","19.3","","27.8","","0.0","","9.8","","0.0","","0.0","","0.0","","","","","M","","M"
"-120.74","56.24","FORT ST. JOHN A","1183001","2021-06-29","2021","06","29","","38.1","","20.9","","29.5","","0.0","","11.5","","0.0","","0.0","","0.0","","","","","M","","M"
"-120.74","56.24","FORT ST. JOHN A","1183001","2021-06-30","2021","06","30","","35.1","","20.0","","27.6","","0.0","","9.6","","0.0","T","0.0","","0.0","T","","","23","","88",""
"-120.74","56.24","FORT ST. JOHN A","1183001","2021-07-01","2021","07","01","","23.1","","16.6","","19.9","","0.0","","1.9","","0.0","T","0.0","","0.0","T","","","36","","45",""
"-120.74","56.24","FORT ST. JOHN A","1183001","2021-07-02","2021","07","02","","24.8","","14.4","","19.6","","0.0","","1.6","","0.0","","0.0","","0.0","","","","31","","61",""
"-120.74","56.24","FORT ST. JOHN A","1183001","2021-07-03","2021","07","03","","16.9","","11.9","","14.4","","3.6","","0.0","","0.0","T","0.0","","0.0","T","","","36","","35",""
"-120.74","56.24","FORT ST. JOHN A","1183001","2021-07-04","2021","07","04","","22.1","","11.8","","17.0","","1.0","","0.0","","0.0","","0.0","","0.0","","","","3","","46",""
"-120.74","56.24","FORT ST. JOHN A","1183001","2021-07-05","2021","07","05","","22.5","","9.8","","16.2","","1.8","","0.0","","0.0","","0.0","","0.0","","","","10","","31",""
"-120.74","56.24","FORT ST. JOHN A","1183001","2021-07-06","2021","07","06","","25.9","","9.1","","17.5","","0.5","","0.0","","0.0","","0.0","","0.0","","","","21","","33",""
"-120.74","56.24","FORT ST. JOHN A","1183001","2021-07-07","2021","07","07","","30.9","","13.0","","22.0","","0.0","","4.0","","0.0","","0.0","","0.0","","","","23","","46",""
"-120.74","56.24","FORT ST. JOHN A","1183001","2021-07-08","2021","07","08","","28.7","","16.3","","22.5","","0.0","","4.5","","0.0","","0.0","","0.0","","","","","","","M"
"-120.74","56.24","FORT ST. JOHN A","1183001","2021-07-09","2021","07","09","","29.7","","13.3","","21.5","","0.0","","3.5","","0.0","","0.0","","0.0","","","","","M","","M"
"-120.74","56.24","FORT ST. JOHN A","1183001","2021-07-10","2021","07","10","","23.1","","14.6","","18.9","","0.0","","0.9","","6.2","","0.0","","6.2","","","","25","","48",""
"-120.74","56.24","FORT ST. JOHN A","1183001","2021-07-11","2021","07","11","","23.4","","12.1","","17.8","","0.2","","0.0","","0.0","","0.0","","0.0","","","","30","","41",""
"-120.74","56.24","FORT ST. JOHN A","1183001","2021-07-12","2021","07","12","","26.3","","9.7","","18.0","","0.0","","0.0","","0.0","","0.0","","0.0","","","","","M","","M"
"-120.74","56.24","FORT ST. JOHN A","1183001","2021-07-13","2021","07","13","","29.4","","13.5","","21.5","","0.0","","3.5","","0.0","","0.0","","0.0","","","","","M","","M"
"-120.74","56.24","FORT ST. JOHN A","1183001","2021-07-14","2021","07","14","","","M","","M","","M","","M","","M","0.0","","0.0","","0.0","","","","23","","50",""
"-120.74","56.24","FORT ST. JOHN A","1183001","2021-07-15","2021","07","15","","23.6","","14.1","","18.9","","0.0","","0.9","","0.0","T","0.0","","0.0","T","","","24","","33",""
"-120.74","56.24","FORT ST. JOHN A","1183001","2021-07-16","2021","07","16","","16.8","","6.5","","11.7","","6.3","","0.0","","9.8","","0.0","","9.8","","","","7","","42",""
"-120.74","56.24","FORT ST. JOHN A","1183001","2021-07-17","2021","07","17","","11.8","","8.0","","9.9","","8.1","","0.0","","9.6","","0.0","","9.6","","","","","M","","M"
"-120.74","56.24","FORT ST. JOHN A","1183001","2021-07-18","2021","07","18","","13.7","","7.8","","10.8","","7.2","","0.0","","0.0","T","0.0","","0.0","T","","","","M","","M"
"-120.74","56.24","FORT ST. JOHN A","1183001","2021-07-19","2021","07","19","","20.6","","10.9","","15.8","","2.2","","0.0","","0.0","","0.0","","0.0","","","","","M","","M"
"-120.74","56.24","FORT ST. JOHN A","1183001","2021-07-20","2021","07","20","","17.4","","9.9","","13.7","","4.3","","0.0","","7.8","","0.0","","7.8","","","","","M","","M"
"-120.74","56.24","FORT ST. JOHN A","1183001","2021-07-21","2021","07","21","","19.1","","7.8","","13.5","","4.5","","0.0","","8.3","","0.0","T","8.3","","0","T","21","","45",""
"-120.74","56.24","FORT ST. JOHN A","1183001","2021-07-22","2021","07","22","","17.8","","10.2","","14.0","","4.0","","0.0","","0.0","","0.0","","0.0","","","","23","","68",""
"-120.74","56.24","FORT ST. JOHN A","1183001","2021-07-23","2021","07","23","","20.8","","11.1","","16.0","","2.0","","0.0","","0.0","","0.0","","0.0","","","","21","","54",""
"-120.74","56.24","FORT ST. JOHN A","1183001","2021-07-24","2021","07","24","","22.7","","9.4","","16.1","","1.9","","0.0","","0.0","","0.0","","0.0","","","","24","","44",""
"-120.74","56.24","FORT ST. JOHN A","1183001","2021-07-25","2021","07","25","","22.4","","9.4","","15.9","","2.1","","0.0","","0.0","","0.0","","0.0","","","","22","","41",""
"-120.74","56.24","FORT ST. JOHN A","1183001","2021-07-26","2021","07","26","","","M","","M","","M","","M","","M","0.0","","0.0","","0.0","","","","23","","43",""
"-120.74","56.24","FORT ST. JOHN A","1183001","2021-07-27","2021","07","27","","22.4","","11.0","","16.7","","1.3","","0.0","","0.0","","0.0","","0.0","","","","23","","37",""
"-120.74","56.24","FORT ST. JOHN A","1183001","2021-07-28","2021","07","28","","23.4","","10.7","","17.1","","0.9","","0.0","","0.0","","0.0","","0.0","","","","25","","44",""
"-120.74","56.24","FORT ST. JOHN A","1183001","2021-07-29","2021","07","29","","25.0","","13.2","","19.1","","0.0","","1.1","","0.0","","0.0","","0.0","","","","26","","31",""
"-120.74","56.24","FORT ST. JOHN A","1183001","2021-07-30","2021","07","30","","28.6","","11.1","","19.9","","0.0","","1.9","","0.0","","0.0","","0.0","","","","","M","","M"
"-120.74","56.24","FORT ST. JOHN A","1183001","2021-07-31","2021","07","31","","30.6","","14.2","","22.4","","0.0","","4.4","","0.0","","0.0","","0.0","","","","","M","","M"
"-120.74","56.24","FORT ST. JOHN A","1183001","2021-08-01","2021","08","01","","25.5","","16.1","","20.8","","0.0","","2.8","","0.0","","0.0","","0.0","","","","","M","","M"
"-120.74","56.24","FORT ST. JOHN A","1183001","2021-08-02","2021","08","02","","23.0","","18.0","","20.5","","0.0","","2.5","","0.0","T","0.0","","0.0","T","","","","M","","M"
"-120.74","56.24","FORT ST. JOHN A","1183001","2021-08-03","2021","08","03","","28.4","","15.1","","21.8","","0.0","","3.8","","0.0","","0.0","","0.0","","","","23","","46",""
"-120.74","56.24","FORT ST. JOHN A","1183001","2021-08-04","2021","08","04","","27.6","","14.2","","20.9","","0.0","","2.9","","0.0","","0.0","","0.0","","","","35","","35",""
"-120.74","56.24","FORT ST. JOHN A","1183001","2021-08-05","2021","08","05","","28.6","","13.5","","21.1","","0.0","","3.1","","19.8","","0.0","","19.8","","","","27","","64",""
"-120.74","56.24","FORT ST. JOHN A","1183001","2021-08-06","2021","08","06","","21.2","","13.1","","17.2","","0.8","","0.0","","0.0","","0.0","","0.0","","","","21","","58",""
"-120.74","56.24","FORT ST. JOHN A","1183001","2021-08-07","2021","08","07","","13.8","","10.2","","12.0","","6.0","","0.0","","17.8","","0.0","","17.8","","","","33","","59",""
"-120.74","56.24","FORT ST. JOHN A","1183001","2021-08-08","2021","08","08","","24.4","","9.5","","17.0","","1.0","","0.0","","0.0","","0.0","","0.0","","","","32","","40",""
"-120.74","56.24","FORT ST. JOHN A","1183001","2021-08-09","2021","08","09","","21.4","","13.1","","17.3","","0.7","","0.0","","0.0","","0.0","","0.0","","","","23","","65",""
"-120.74","56.24","FORT ST. JOHN A","1183001","2021-08-10","2021","08","10","","19.8","","10.4","","15.1","","2.9","","0.0","","0.0","","0.0","","0.0","","","","25","","62",""
"-120.74","56.24","FORT ST. JOHN A","1183001","2021-08-11","2021","08","11","","23.0","","10.6","","16.8","","1.2","","0.0","","0.0","","0.0","","0.0","","","","25","","46",""
"-120.74","56.24","FORT ST. JOHN A","1183001","2021-08-12","2021","08","12","","27.5","","9.6","","18.6","","0.0","","0.6","","0.0","","0.0","","0.0","","","","25","","46",""
"-120.74","56.24","FORT ST. JOHN A","1183001","2021-08-13","2021","08","13","","30.3","","16.2","","23.3","","0.0","","5.3","","0.0","","0.0","","0.0","","","","25","","54",""
"-120.74","56.24","FORT ST. JOHN A","1183001","2021-08-14","2021","08","14","","24.1","","15.8","","20.0","","0.0","","2.0","","0.0","T","0.0","","0.0","T","","","24","","56",""
"-120.74","56.24","FORT ST. JOHN A","1183001","2021-08-15","2021","08","15","","24.2","","14.2","","19.2","","0.0","","1.2","","1.8","","0.0","","1.8","","","","23","","77",""
"-120.74","56.24","FORT ST. JOHN A","1183001","2021-08-16","2021","08","16","","16.1","","8.3","","12.2","","5.8","","0.0","","0.0","T","0.0","","0.0","T","","","32","","45",""
"-120.74","56.24","FORT ST. JOHN A","1183001","2021-08-17","2021","08","17","","21.4","","6.5","","14.0","","4.0","","0.0","","0.0","","0.0","","0.0","","","","20","","34",""
"-120.74","56.24","FORT ST. JOHN A","1183001","2021-08-18","2021","08","18","","19.8","","12.9","","16.4","","1.6","","0.0","","0.0","T","0.0","","0.0","T","","","25","","40",""
"-120.74","56.24","FORT ST. JOHN A","1183001","2021-08-19","2021","08","19","","20.0","","10.8","","15.4","","2.6","","0.0","","4.0","","0.0","","4.0","","","","33","","38",""
"-120.74","56.24","FORT ST. JOHN A","1183001","2021-08-20","2021","08","20","","18.3","","8.6","","13.5","","4.5","","0.0","","0.0","","0.0","","0.0","","","","","M","","M"
"-120.74","56.24","FORT ST. JOHN A","1183001","2021-08-21","2021","08","21","","19.9","","8.8","","14.4","","3.6","","0.0","","12.6","","0.0","","12.6","","","","21","","48",""
"-120.74","56.24","FORT ST. JOHN A","1183001","2021-08-22","2021","08","22","","10.4","","6.2","","8.3","","9.7","","0.0","","27.0","","0.0","","27.0","","","","35","","39",""
"-120.74","56.24","FORT ST. JOHN A","1183001","2021-08-23","2021","08","23","","14.1","","5.6","","9.9","","8.1","","0.0","","1.3","","0.0","","1.3","","","","35","","36",""
"-120.74","56.24","FORT ST. JOHN A","1183001","2021-08-24","2021","08","24","","20.8","","3.8","","12.3","","5.7","","0.0","","0.0","","0.0","","0.0","","","","24","","45",""
"-120.74","56.24","FORT ST. JOHN A","1183001","2021-08-25","2021","08","25","","23.0","","7.3","","15.2","","2.8","","0.0","","0.0","","0.0","","0.0","","","","25","","42",""
"-120.74","56.24","FORT ST. JOHN A","1183001","2021-08-26","2021","08","26","","19.4","","7.2","","13.3","","4.7","","0.0","","0.0","T","0.0","","0.0","T","","","21","","43",""
"-120.74","56.24","FORT ST. JOHN A","1183001","2021-08-27","2021","08","27","","20.6","","10.4","","15.5","","2.5","","0.0","","0.0","","0.0","","0.0","","","","","M","","M"
"-120.74","56.24","FORT ST. JOHN A","1183001","2021-08-28","2021","08","28","","18.8","","10.2","","14.5","","3.5","","0.0","","0.0","T","0.0","","0.0","T","","","24","","59",""
"-120.74","56.24","FORT ST. JOHN A","1183001","2021-08-29","2021","08","29","","17.3","","6.9","","12.1","","5.9","","0.0","","2.4","","0.0","","2.4","","","","22","","53",""
"-120.74","56.24","FORT ST. JOHN A","1183001","2021-08-30","2021","08","30","","15.4","","3.1","","9.3","","8.7","","0.0","","0.0","","0.0","","0.0","","","","","M","","M"
"-120.74","56.24","FORT ST. JOHN A","1183001","2021-08-31","2021","08","31","","14.3","","6.8","","10.6","","7.4","","0.0","","0.0","T","0.0","","0.0","T","","","1","","42",""
"-120.74","56.24","FORT ST. JOHN A","1183001","2021-09-01","2021","09","01","","17.6","","7.2","","12.4","","5.6","","0.0","","0.0","T","0.0","","0.0","T","","","32","","44",""
"-120.74","56.24","FORT ST. JOHN A","1183001","2021-09-02","2021","09","02","","21.5","","4.0","","12.8","","5.2","","0.0","","0.0","","0.0","","0.0","","","","","M","","M"
"-120.74","56.24","FORT ST. JOHN A","1183001","2021-09-03","2021","09","03","","24.2","","5.8","","15.0","","3.0","","0.0","","0.0","","0.0","","0.0","","","","22","","40",""
"-120.74","56.24","FORT ST. JOHN A","1183001","2021-09-04","2021","09","04","","19.0","","7.3","","13.2","","4.8","","0.0","","0.0","T","0.0","","0.0","T","","","","M","","M"
"-120.74","56.24","FORT ST. JOHN A","1183001","2021-09-05","2021","09","05","","20.8","","12.2","","16.5","","1.5","","0.0","","0.0","T","0.0","","0.0","T","","","23","","76",""
"-120.74","56.24","FORT ST. JOHN A","1183001","2021-09-06","2021","09","06","","20.0","","9.9","","15.0","","3.0","","0.0","","0.0","","0.0","","0.0","","","","26","","58",""
"-120.74","56.24","FORT ST. JOHN A","1183001","2021-09-07","2021","09","07","","19.2","","8.0","","13.6","","4.4","","0.0","","0.0","","0.0","","0.0","","","","","M","","M"
"-120.74","56.24","FORT ST. JOHN A","1183001","2021-09-08","2021","09","08","","17.2","","8.7","","13.0","","5.0","","0.0","","1.2","","0.0","","1.2","","","","","M","","M"
"-120.74","56.24","FORT ST. JOHN A","1183001","2021-09-09","2021","09","09","","17.6","","8.2","","12.9","","5.1","","0.0","","5.1","","0.0","","5.1","","","","31","","42",""
"-120.74","56.24","FORT ST. JOHN A","1183001","2021-09-10","2021","09","10","","18.5","","3.1","","10.8","","7.2","","0.0","","0.0","","0.0","","0.0","","","","11","","35",""
"-120.74","56.24","FORT ST. JOHN A","1183001","2021-09-11","2021","09","11","","19.2","","9.9","","14.6","","3.4","","0.0","","0.0","","0.0","","0.0","","","","23","","50",""
"-120.74","56.24","FORT ST. JOHN A","1183001","2021-09-12","2021","09","12","","19.3","","6.6","","13.0","","5.0","","0.0","","0.0","","0.0","","0.0","","","","25","","42",""
"-120.74","56.24","FORT ST. JOHN A","1183001","2021-09-13","2021","09","13","","18.7","","6.3","","12.5","","5.5","","0.0","","0.0","","0.0","","0.0","","","","24","","50",""
"-120.74","56.24","FORT ST. JOHN A","1183001","2021-09-14","2021","09","14","","15.4","","3.7","","9.6","","8.4","","0.0","","7.4","","0.0","","7.4","","","","33","","60",""
"-120.74","56.24","FORT ST. JOHN A","1183001","2021-09-15","2021","09","15","","13.4","","2.3","","7.9","","10.1","","0.0","","2.2","","0.0","","2.2","","","","35","","68",""
"-120.74","56.24","FORT ST. JOHN A","1183001","2021-09-16","2021","09","16","","13.9","","3.9","","8.9","","9.1","","0.0","","0.0","","0.0","","0.0","","","","21","","34",""
"-120.74","56.24","FORT ST. JOHN A","1183001","2021-09-17","2021","09","17","","10.3","","5.2","","7.8","","10.2","","0.0","","2.6","","0.0","","2.6","","","","","M","","M"
"-120.74","56.24","FORT ST. JOHN A","1183001","2021-09-18","2021","09","18","","8.9","","3.6","","6.3","","11.7","","0.0","","8.0","","0.0","","8.0","","","","","M","","M"
"-120.74","56.24","FORT ST. JOHN A","1183001","2021-09-19","2021","09","19","","14.3","","3.1","","8.7","","9.3","","0.0","","0.0","","0.0","","0.0","","","","25","","40",""
"-120.74","56.24","FORT ST. JOHN A","1183001","2021-09-20","2021","09","20","","15.1","","4.3","","9.7","","8.3","","0.0","","1.4","","0.0","","1.4","","","","24","","57",""
"-120.74","56.24","FORT ST. JOHN A","1183001","2021-09-21","2021","09","21","","17.4","","8.0","","12.7","","5.3","","0.0","","0.0","T","0.0","","0.0","T","","","21","","71",""
"-120.74","56.24","FORT ST. JOHN A","1183001","2021-09-22","2021","09","22","","16.2","","2.6","","9.4","","8.6","","0.0","","0.0","T","0.0","","0.0","T","","","25","","64",""
"-120.74","56.24","FORT ST. JOHN A","1183001","2021-09-23","2021","09","23","","11.8","","1.5","","6.7","","11.3","","0.0","","0.0","T","0.0","","0.0","T","","","22","","54",""
"-120.74","56.24","FORT ST. JOHN A","1183001","2021-09-24","2021","09","24","","17.9","","7.9","","12.9","","5.1","","0.0","","0.0","T","0.0","","0.0","T","","","22","","62",""
"-120.74","56.24","FORT ST. JOHN A","1183001","2021-09-25","2021","09","25","","16.9","","8.6","","12.8","","5.2","","0.0","","0.0","","0.0","","0.0","","","","24","","37",""
"-120.74","56.24","FORT ST. JOHN A","1183001","2021-09-26","2021","09","26","","11.0","","5.9","","8.5","","9.5","","0.0","","4.0","","0.0","","4.0","","","","","M","","M"
"-120.74","56.24","FORT ST. JOHN A","1183001","2021-09-27","2021","09","27","","11.1","","4.5","","7.8","","10.2","","0.0","","2.6","","0.0","","2.6","","","","36","","36",""
"-120.74","56.24","FORT ST. JOHN A","1183001","2021-09-28","2021","09","28","","13.4","","1.5","","7.5","","10.5","","0.0","","0.0","","0.0","","0.0","","","","22","","50",""
"-120.74","56.24","FORT ST. JOHN A","1183001","2021-09-29","2021","09","29","","12.7","","0.4","","6.6","","11.4","","0.0","","0.0","","0.0","","0.0","","","","21","","49",""
"-120.74","56.24","FORT ST. JOHN A","1183001","2021-09-30","2021","09","30","","16.5","","4.9","","10.7","","7.3","","0.0","","1.2","","0.0","","1.2","","","","22","","91",""
"-120.74","56.24","FORT ST. JOHN A","1183001","2021-10-01","2021","10","01","","11.9","","5.7","","8.8","","9.2","","0.0","","0.0","","0.0","","0.0","","","","23","","69",""
"-120.74","56.24","FORT ST. JOHN A","1183001","2021-10-02","2021","10","02","","12.3","","2.7","","7.5","","10.5","","0.0","","0.0","","0.0","","0.0","","","","24","","89",""
"-120.74","56.24","FORT ST. JOHN A","1183001","2021-10-03","2021","10","03","","10.2","","1.1","","5.7","","12.3","","0.0","","0.0","","0.0","","0.0","","","","26","","73",""
"-120.74","56.24","FORT ST. JOHN A","1183001","2021-10-04","2021","10","04","","9.3","","-2.8","","3.3","","14.7","","0.0","","0.0","","0.0","","0.0","","","","24","","41",""
"-120.74","56.24","FORT ST. JOHN A","1183001","2021-10-05","2021","10","05","","2.9","","-1.4","","0.8","","17.2","","0.0","","0.0","","4.2","","4.2","","1","E","1","","34",""
"-120.74","56.24","FORT ST. JOHN A","1183001","2021-10-06","2021","10","06","","2.9","","-1.1","","0.9","","17.1","","0.0","","0.0","","4.0","","4.0","","3","","24","","32",""
"-120.74","56.24","FORT ST. JOHN A","1183001","2021-10-07","2021","10","07","","6.8","","-1.5","","2.7","","15.3","","0.0","","0.0","","0.0","","0.0","","","","23","","75",""
"-120.74","56.24","FORT ST. JOHN A","1183001","2021-10-08","2021","10","08","","","M","","M","","M","","M","","M","0.0","","0.0","","0.0","","","","23","","53",""
"-120.74","56.24","FORT ST. JOHN A","1183001","2021-10-09","2021","10","09","","11.2","","3.8","","7.5","","10.5","","0.0","","0.0","T","0.0","","0.0","T","","","24","","77",""
"-120.74","56.24","FORT ST. JOHN A","1183001","2021-10-10","2021","10","10","","9.1","","0.0","","4.6","","13.4","","0.0","","0.0","","0.0","","0.0","","","","25","","39",""
"-120.74","56.24","FORT ST. JOHN A","1183001","2021-10-11","2021","10","11","","","M","","M","","M","","M","","M","0.0","","0.0","","0.0","","","","21","","39",""
"-120.74","56.24","FORT ST. JOHN A","1183001","2021-10-12","2021","10","12","","6.8","","-1.4","","2.7","","15.3","","0.0","","0.0","","0.0","","0.0","","","","22","","49",""
"-120.74","56.24","FORT ST. JOHN A","1183001","2021-10-13","2021","10","13","","8.9","","0.9","","4.9","","13.1","","0.0","","0.0","","0.0","","0.0","","","","23","","60",""
"-120.74","56.24","FORT ST. JOHN A","1183001","2021-10-14","2021","10","14","","10.4","","-1.3","","4.6","","13.4","","0.0","","0.0","","0.0","","0.0","","","","23","","54",""
"-120.74","56.24","FORT ST. JOHN A","1183001","2021-10-15","2021","10","15","","11.7","","1.5","","6.6","","11.4","","0.0","","0.0","","0.0","","0.0","","","","24","","59",""
"-120.74","56.24","FORT ST. JOHN A","1183001","2021-10-16","2021","10","16","","3.6","","0.0","","1.8","","16.2","","0.0","","0.8","","1.0","","1.8","","","","","M","","M"
"-120.74","56.24","FORT ST. JOHN A","1183001","2021-10-17","2021","10","17","","1.9","","-3.0","","-0.6","","18.6","","0.0","","0.0","","0.0","","0.0","","","","","M","","M"
"-120.74","56.24","FORT ST. JOHN A","1183001","2021-10-18","2021","10","18","","2.2","","-7.1","","-2.5","","20.5","","0.0","","0.0","","0.0","","0.0","","","","","M","","M"
"-120.74","56.24","FORT ST. JOHN A","1183001","2021-10-19","2021","10","19","","2.4","","-1.2","","0.6","","17.4","","0.0","","0.0","","0.0","T","0.0","T","","","","M","","M"
"-120.74","56.24","FORT ST. JOHN A","1183001","2021-10-20","2021","10","20","","2.6","","-0.8","","0.9","","17.1","","0.0","","0.0","","0.0","T","0.0","T","","","","M","","M"
"-120.74","56.24","FORT ST. JOHN A","1183001","2021-10-21","2021","10","21","","10.1","","-1.9","","4.1","","13.9","","0.0","","0.0","","0.0","","0.0","","","","9","","37",""
"-120.74","56.24","FORT ST. JOHN A","1183001","2021-10-22","2021","10","22","","8.6","","1.0","","4.8","","13.2","","0.0","","0.0","","0.0","T","0.0","T","","","9","","37",""
"-120.74","56.24","FORT ST. JOHN A","1183001","2021-10-23","2021","10","23","","4.9","","0.1","","2.5","","15.5","","0.0","","0.0","","0.0","","0.0","","","","","M","","M"
"-120.74","56.24","FORT ST. JOHN A","1183001","2021-10-24","2021","10","24","","4.3","","1.0","","2.7","","15.3","","0.0","","0.0","","0.0","","0.0","","","","","M","","M"
"-120.74","56.24","FORT ST. JOHN A","1183001","2021-10-25","2021","10","25","","4.3","","0.4","","2.4","","15.6","","0.0","","0.0","T","0.0","","0.0","T","","","8","","34",""
"-120.74","56.24","FORT ST. JOHN A","1183001","2021-10-26","2021","10","26","","","M","","M","","M","","M","","M","0.0","","0.0","","0.0","","","","22","","49",""
"-120.74","56.24","FORT ST. JOHN A","1183001","2021-10-27","2021","10","27","","9.6","","1.1","","5.4","","12.6","","0.0","","1.4","","0.0","","1.4","","","","24","","59",""
"-120.74","56.24","FORT ST. JOHN A","1183001","2021-10-28","2021","10","28","","7.4","","-2.1","","2.7","","15.3","","0.0","","0.0","","0.0","","0.0","","","","22","","59",""
"-120.74","56.24","FORT ST. JOHN A","1183001","2021-10-29","2021","10","29","","4.3","","-4.2","","0.1","","17.9","","0.0","","0.0","","0.0","","0.0","","","","25","","35",""
"-120.74","56.24","FORT ST. JOHN A","1183001","2021-10-30","2021","10","30","","3.6","","-4.2","","-0.3","","18.3","","0.0","","0.0","","0.0","","0.0","","","","","M","","M"
"-120.74","56.24","FORT ST. JOHN A","1183001","2021-10-31","2021","10","31","","2.8","","-8.9","","-3.1","","21.1","","0.0","","0.0","","0.0","","0.0","","","","","M","","M"
"-120.74","56.24","FORT ST. JOHN A","1183001","2021-11-01","2021","11","01","","","M","","M","","M","","M","","M","0.0","","0.0","","0.0","","","","","M","","M"
"-120.74","56.24","FORT ST. JOHN A","1183001","2021-11-02","2021","11","02","","7.3","","-9.3","","-1.0","","19.0","","0.0","","0.0","","0.0","","0.0","","","","21","","34",""
"-120.74","56.24","FORT ST. JOHN A","1183001","2021-11-03","2021","11","03","","9.2","","-2.5","","3.4","","14.6","","0.0","","0.0","","0.0","","0.0","","","","24","","41",""
"-120.74","56.24","FORT ST. JOHN A","1183001","2021-11-04","2021","11","04","","5.5","","2.1","","3.8","","14.2","","0.0","","10.8","","0.0","","10.8","","","","","M","","M"
"-120.74","56.24","FORT ST. JOHN A","1183001","2021-11-05","2021","11","05","","2.2","","-0.3","","1.0","","17.0","","0.0","","0.2","","2.4","","2.6","","2","E","","M","","M"
"-120.74","56.24","FORT ST. JOHN A","1183001","2021-11-06","2021","11","06","","2.8","","-4.1","","-0.7","","18.7","","0.0","","0.0","","0.0","T","0.0","T","2","","24","","37",""
"-120.74","56.24","FORT ST. JOHN A","1183001","2021-11-07","2021","11","07","","2.2","","-4.4","","-1.1","","19.1","","0.0","","0.0","","0.0","","0.0","","1","","","M","","M"
"-120.74","56.24","FORT ST. JOHN A","1183001","2021-11-08","2021","11","08","","-1.2","","-9.0","","-5.1","","23.1","","0.0","","0.0","","0.0","","0.0","","0","T","","M","","M"
"-120.74","56.24","FORT ST. JOHN A","1183001","2021-11-09","2021","11","09","","-2.6","","-7.5","","-5.1","","23.1","","0.0","","0.0","","3.0","","3.0","","5","E","10","","50",""
"-120.74","56.24","FORT ST. JOHN A","1183001","2021-11-10","2021","11","10","","-4.1","","-9.2","","-6.7","","24.7","","0.0","","0.0","","0.0","","0.0","","5","","","M","","M"
"-120.74","56.24","FORT ST. JOHN A","1183001","2021-11-11","2021","11","11","","-4.4","","-12.3","","-8.4","","26.4","","0.0","","0.0","","0.0","","0.0","","5","","","M","","M"
"-120.74","56.24","FORT ST. JOHN A","1183001","2021-11-12","2021","11","12","","5.2","","-6.0","","-0.4","","18.4","","0.0","","0.0","","1.0","","1.0","","6","","22","","56",""
"-120.74","56.24","FORT ST. JOHN A","1183001","2021-11-13","2021","11","13","","4.7","","-3.6","","0.6","","17.4","","0.0","","0.0","","0.0","","0.0","","2","","24","","54",""
"-120.74","56.24","FORT ST. JOHN A","1183001","2021-11-14","2021","11","14","","-1.3","","-6.5","","-3.9","","21.9","","0.0","","0.0","","8.0","","8.0","","1","","","M","","M"
"-120.74","56.24","FORT ST. JOHN A","1183001","2021-11-15","2021","11","15","","-3.6","","-9.8","","-6.7","","24.7","","0.0","","0.0","","1.4","","1.4","","11","","34","","48",""
"-120.74","56.24","FORT ST. JOHN A","1183001","2021-11-16","2021","11","16","","","M","","M","","M","","M","","M","","M","","M","","M","14","E","33","","45",""
"-120.74","56.24","FORT ST. JOHN A","1183001","2021-11-17","2021","11","17","","-0.5","","-13.2","","-6.9","","24.9","","0.0","","0.0","","0.0","","0.0","","12","","22","","46",""
"-120.74","56.24","FORT ST. JOHN A","1183001","2021-11-18","2021","11","18","","1.4","","-7.2","","-2.9","","20.9","","0.0","","0.0","","0.0","","0.0","","","","23","","53",""
"-120.74","56.24","FORT ST. JOHN A","1183001","2021-11-19","2021","11","19","","-7.5","","-14.8","","-11.2","","29.2","","0.0","","0.0","","5.0","","5.0","","8","E","35","","43",""
"-120.74","56.24","FORT ST. JOHN A","1183001","2021-11-20","2021","11","20","","-13.7","","-17.6","","-15.7","","33.7","","0.0","","0.0","","7.6","","7.6","","21","","34","","41",""
"-120.74","56.24","FORT ST. JOHN A","1183001","2021-11-21","2021","11","21","","3.1","","-13.9","","-5.4","","23.4","","0.0","","1.2","","2.2","","3.4","","21","","22","","38",""
"-120.74","56.24","FORT ST. JOHN A","1183001","2021-11-22","2021","11","22","","","M","","M","","M","","M","","M","","M","","M","","M","20","","36","","54",""
"-120.74","56.24","FORT ST. JOHN A","1183001","2021-11-23","2021","11","23","","","M","","M","","M","","M","","M","","M","","M","","M","18","E","","M","","M"
"-120.74","56.24","FORT ST. JOHN A","1183001","2021-11-24","2021","11","24","","-5.3","","-19.7","","-12.5","","30.5","","0.0","","0.0","","0.0","T","0.0","T","18","","","M","","M"
"-120.74","56.24","FORT ST. JOHN A","1183001","2021-11-25","2021","11","25","","6.2","","-5.3","","0.5","","17.5","","0.0","","0.0","","0.0","","0.0","","","","23","","68",""
"-120.74","56.24","FORT ST. JOHN A","1183001","2021-11-26","2021","11","26","","5.7","","-5.1","","0.3","","17.7","","0.0","","0.0","","0.0","","0.0","","12","","24","","67",""
"-120.74","56.24","FORT ST. JOHN A","1183001","2021-11-27","2021","11","27","","","M","","M","","M","","M","","M","0.0","","0.0","T","0.0","T","12","E","12","","33",""
"-120.74","56.24","FORT ST. JOHN A","1183001","2021-11-28","2021","11","28","","6.2","","-5.8","","0.2","","17.8","","0.0","","0.0","","0.0","","0.0","","10","E","22","","67",""
"-120.74","56.24","FORT ST. JOHN A","1183001","2021-11-29","2021","11","29","","2.7","","-11.7","","-4.5","","22.5","","0.0","","0.0","","1.5","","1.5","","8","E","36","","47",""
"-120.74","56.24","FORT ST. JOHN A","1183001","2021-11-30","2021","11","30","","6.0","","-3.8","","1.1","","16.9","","0.0","","4.0","","0.0","","4.0","","10","E","24","","84",""
"-120.74","56.24","FORT ST. JOHN A","1183001","2021-12-01","2021","12","01","","4.3","","-2.1","","1.1","","16.9","","0.0","","0.0","","0.0","","0.0","","4","","23","","69",""
"-120.74","56.24","FORT ST. JOHN A","1183001","2021-12-02","2021","12","02","","0.8","","-7.1","","-3.2","","21.2","","0.0","","0.0","","0.0","","0.0","","3","","22","","70",""
"-120.74","56.24","FORT ST. JOHN A","1183001","2021-12-03","2021","12","03","","-4.6","","-21.6","","-13.1","","31.1","","0.0","","0.0","","0.0","T","0.0","T","3","","25","","44",""
"-120.74","56.24","FORT ST. JOHN A","1183001","2021-12-04","2021","12","04","","","M","","M","","M","","M","","M","0.0","","0.0","T","0.0","T","3","","35","","36",""
"-120.74","56.24","FORT ST. JOHN A","1183001","2021-12-05","2021","12","05","","-19.3","","-24.7","","-22.0","","40.0","","0.0","","0.0","","0.0","","0.0","","3","","","M","","M"
"-120.74","56.24","FORT ST. JOHN A","1183001","2021-12-06","2021","12","06","","","M","","M","","M","","M","","M","0.0","","0.0","","0.0","","3","","23","","32",""
"-120.74","56.24","FORT ST. JOHN A","1183001","2021-12-07","2021","12","07","","0.8","","-11.7","","-5.5","","23.5","","0.0","","0.0","","0.0","T","0.0","T","3","","23","","58",""
"-120.74","56.24","FORT ST. JOHN A","1183001","2021-12-08","2021","12","08","","0.3","","-5.3","","-2.5","","20.5","","0.0","","0.0","","0.0","","0.0","","3","","24","","41",""
"-120.74","56.24","FORT ST. JOHN A","1183001","2021-12-09","2021","12","09","","-2.6","","-7.1","","-4.9","","22.9","","0.0","","0.0","","0.0","","0.0","","3","","24","","40",""
"-120.74","56.24","FORT ST. JOHN A","1183001","2021-12-10","2021","12","10","","","M","","M","","M","","M","","M","0.0","","0.0","","0.0","","3","","20","","50",""
"-120.74","56.24","FORT ST. JOHN A","1183001","2021-12-11","2021","12","11","","-1.0","","-7.6","","-4.3","","22.3","","0.0","","0.0","","0.0","T","0.0","T","2","","23","","58",""
"-120.74","56.24","FORT ST. JOHN A","1183001","2021-12-12","2021","12","12","","-6.0","","-17.3","","-11.7","","29.7","","0.0","","0.0","","0.0","T","0.0","T","2","","34","","40",""
"-120.74","56.24","FORT ST. JOHN A","1183001","2021-12-13","2021","12","13","","-17.3","","-19.7","","-18.5","","36.5","","0.0","","0.0","","0.6","","0.6","","3","","35","","40",""
"-120.74","56.24","FORT ST. JOHN A","1183001","2021-12-14","2021","12","14","","-19.0","","-21.6","","-20.3","","38.3","","0.0","","0.0","","0.9","","0.9","","3","","","M","","M"
"-120.74","56.24","FORT ST. JOHN A","1183001","2021-12-15","2021","12","15","","-19.9","","-23.8","","-21.9","","39.9","","0.0","","0.0","","1.6","","1.6","","3","E","34","","40",""
"-120.74","56.24","FORT ST. JOHN A","1183001","2021-12-16","2021","12","16","","-23.8","","-28.8","","-26.3","","44.3","","0.0","","0.0","","2.8","","2.8","","5","","35","","50",""
"-120.74","56.24","FORT ST. JOHN A","1183001","2021-12-17","2021","12","17","","-23.9","","-29.2","","-26.6","","44.6","","0.0","","0.0","","0.0","","0.0","","6","","","M","","M"
"-120.74","56.24","FORT ST. JOHN A","1183001","2021-12-18","2021","12","18","","-14.9","","-25.5","","-20.2","","38.2","","0.0","","0.0","","0.0","","0.0","","6","","34","","32",""
"-120.74","56.24","FORT ST. JOHN A","1183001","2021-12-19","2021","12","19","","-16.3","","-21.9","","-19.1","","37.1","","0.0","","0.0","","0.0","T","0.0","T","6","","","M","","M"
"-120.74","56.24","FORT ST. JOHN A","1183001","2021-12-20","2021","12","20","","-9.8","","-23.6","","-16.7","","34.7","","0.0","","0.0","","0.0","","0.0","","6","","24","","51",""
"-120.74","56.24","FORT ST. JOHN A","1183001","2021-12-21","2021","12","21","","-7.1","","-9.8","","-8.5","","26.5","","0.0","","0.0","","8.4","","8.4","","6","","23","","55",""
"-120.74","56.24","FORT ST. JOHN A","1183001","2021-12-22","2021","12","22","","-7.1","","-18.2","","-12.7","","30.7","","0.0","","0.0","","5.4","","5.4","","12","","36","","33",""
"-120.74","56.24","FORT ST. JOHN A","1183001","2021-12-23","2021","12","23","","-17.6","","-23.5","","-20.6","","38.6","","0.0","","0.0","","1.0","","1.0","","17","","34","","36",""
"-120.74","56.24","FORT ST. JOHN A","1183001","2021-12-24","2021","12","24","","-23.5","","-29.9","","-26.7","","44.7","","0.0","","0.0","","0.0","T","0.0","T","18","","34","","36",""
"-120.74","56.24","FORT ST. JOHN A","1183001","2021-12-25","2021","12","25","","-26.9","","-32.6","","-29.8","","47.8","","0.0","","0.0","","1.2","","1.2","","19","","35","","41",""
"-120.74","56.24","FORT ST. JOHN A","1183001","2021-12-26","2021","12","26","","-31.5","","-36.7","","-34.1","","52.1","","0.0","","0.0","","0.0","T","0.0","T","19","","","M","","M"
"-120.74","56.24","FORT ST. JOHN A","1183001","2021-12-27","2021","12","27","","-19.3","","-36.4","","-27.9","","45.9","","0.0","","0.0","","1.2","","1.2","","19","","","M","","M"
"-120.74","56.24","FORT ST. JOHN A","1183001","2021-12-28","2021","12","28","","-17.9","","-25.1","","-21.5","","39.5","","0.0","","0.0","","1.6","","1.6","","22","","33","","54",""
"-120.74","56.24","FORT ST. JOHN A","1183001","2021-12-29","2021","12","29","","-20.3","","-29.6","","-25.0","","43.0","","0.0","","0.0","","4.8","","4.8","","20","E","","M","","M"
"-120.74","56.24","FORT ST. JOHN A","1183001","2021-12-30","2021","12","30","","","M","","M","","M","","M","","M","0.0","","3.0","","3.0","","25","","35","","41",""
"-120.74","56.24","FORT ST. JOHN A","1183001","2021-12-31","2021","12","31","","-27.1","","-32.9","","-30.0","","48.0","","0.0","","0.0","","0.0","T","0.0","T","25","","","M","","M"
